{"_step":100168,"_wandb":{"runtime":48858},"_runtime":48858,"train/reward":6.2726999999999995,"train/episode_length":388.27,"train/global_step":100352,"_timestamp":1.7605860752260795e+09}