{"_timestamp":1.7606247012871933e+09,"_step":377,"train/reward":-3747.762692,"train/episode_length":401,"train/global_step":779,"_wandb":{"runtime":502},"_runtime":502}