{"_timestamp":1.7603932742291422e+09,"_step":100050,"_wandb":{"runtime":61621},"_runtime":61621,"train/reward":-2.9028999999999985,"train/episode_length":293.32,"train/global_step":100352}