{"train/episode_length":292.57,"train/global_step":78650,"_timestamp":1.7605357483073509e+09,"_step":78348,"_wandb":{"runtime":43145},"_runtime":43145,"train/reward":-13.736325069999998}