{"train/episode_length":383.51,"_wandb":{"runtime":45762},"_runtime":45762,"train/global_step":73746,"_timestamp":1.7606704991175988e+09,"_step":73344,"train/reward":-406.09836611}