{"_wandb":{"runtime":35715},"_runtime":35715,"train/reward":-2.942999999999999,"train/episode_length":297.33,"train/global_step":57859,"_timestamp":1.7601420599853764e+09,"_step":57557}