{"train/global_step":89636,"_timestamp":1.7603315327661784e+09,"_step":89334,"train/reward":-2.864999999999999,"train/episode_length":290.54,"_wandb":{"runtime":55139},"_runtime":55139}