{"reward":-3.0099999999999993,"episode_length":301,"success_rate":0,"timesteps":3041,"_timestamp":1.7601047427634392e+09,"_wandb":{"runtime":2099},"_runtime":2099,"_step":3041}